{"providers":[{"type":"bitmap","file":"happyhud:font/assets/minez-huds/icon_hud_radioactive.png","height":34,"ascent":-100500,"chars":[""]},{"type":"bitmap","file":"happyhud:font/assets/minez-huds/icon_hud_radioactive/vertical/34/1.png","height":1,"ascent":-101500,"chars":[""]},{"type":"bitmap","file":"happyhud:font/assets/minez-huds/icon_hud_radioactive/vertical/34/2.png","height":2,"ascent":-102500,"chars":[""]},{"type":"bitmap","file":"happyhud:font/assets/minez-huds/icon_hud_radioactive/vertical/34/3.png","height":3,"ascent":-103500,"chars":[""]},{"type":"bitmap","file":"happyhud:font/assets/minez-huds/icon_hud_radioactive/vertical/34/4.png","height":4,"ascent":-104500,"chars":[""]},{"type":"bitmap","file":"happyhud:font/assets/minez-huds/icon_hud_radioactive/vertical/34/5.png","height":5,"ascent":-105500,"chars":[""]},{"type":"bitmap","file":"happyhud:font/assets/minez-huds/icon_hud_radioactive/vertical/34/6.png","height":6,"ascent":-106500,"chars":[""]},{"type":"bitmap","file":"happyhud:font/assets/minez-huds/icon_hud_radioactive/vertical/34/7.png","height":7,"ascent":-107500,"chars":[""]},{"type":"bitmap","file":"happyhud:font/assets/minez-huds/icon_hud_radioactive/vertical/34/8.png","height":8,"ascent":-108500,"chars":[""]},{"type":"bitmap","file":"happyhud:font/assets/minez-huds/icon_hud_radioactive/vertical/34/9.png","height":9,"ascent":-109500,"chars":[""]},{"type":"bitmap","file":"happyhud:font/assets/minez-huds/icon_hud_radioactive/vertical/34/10.png","height":10,"ascent":-110500,"chars":[""]},{"type":"bitmap","file":"happyhud:font/assets/minez-huds/icon_hud_radioactive/vertical/34/11.png","height":11,"ascent":-111500,"chars":[""]},{"type":"bitmap","file":"happyhud:font/assets/minez-huds/icon_hud_radioactive/vertical/34/12.png","height":12,"ascent":-112500,"chars":[""]},{"type":"bitmap","file":"happyhud:font/assets/minez-huds/icon_hud_radioactive/vertical/34/13.png","height":13,"ascent":-113500,"chars":[""]},{"type":"bitmap","file":"happyhud:font/assets/minez-huds/icon_hud_radioactive/vertical/34/14.png","height":14,"ascent":-114500,"chars":[""]},{"type":"bitmap","file":"happyhud:font/assets/minez-huds/icon_hud_radioactive/vertical/34/15.png","height":15,"ascent":-115500,"chars":[""]},{"type":"bitmap","file":"happyhud:font/assets/minez-huds/icon_hud_radioactive/vertical/34/16.png","height":16,"ascent":-116500,"chars":[""]},{"type":"bitmap","file":"happyhud:font/assets/minez-huds/icon_hud_radioactive/vertical/34/17.png","height":17,"ascent":-117500,"chars":[""]},{"type":"bitmap","file":"happyhud:font/assets/minez-huds/icon_hud_radioactive/vertical/34/18.png","height":18,"ascent":-118500,"chars":[""]},{"type":"bitmap","file":"happyhud:font/assets/minez-huds/icon_hud_radioactive/vertical/34/19.png","height":19,"ascent":-119500,"chars":[""]},{"type":"bitmap","file":"happyhud:font/assets/minez-huds/icon_hud_radioactive/vertical/34/20.png","height":20,"ascent":-120500,"chars":[""]},{"type":"bitmap","file":"happyhud:font/assets/minez-huds/icon_hud_radioactive/vertical/34/21.png","height":21,"ascent":-121500,"chars":[""]},{"type":"bitmap","file":"happyhud:font/assets/minez-huds/icon_hud_radioactive/vertical/34/22.png","height":22,"ascent":-122500,"chars":[""]},{"type":"bitmap","file":"happyhud:font/assets/minez-huds/icon_hud_radioactive/vertical/34/23.png","height":23,"ascent":-123500,"chars":[""]},{"type":"bitmap","file":"happyhud:font/assets/minez-huds/icon_hud_radioactive/vertical/34/24.png","height":24,"ascent":-124500,"chars":[""]},{"type":"bitmap","file":"happyhud:font/assets/minez-huds/icon_hud_radioactive/vertical/34/25.png","height":25,"ascent":-125500,"chars":[""]},{"type":"bitmap","file":"happyhud:font/assets/minez-huds/icon_hud_radioactive/vertical/34/26.png","height":26,"ascent":-126500,"chars":[""]},{"type":"bitmap","file":"happyhud:font/assets/minez-huds/icon_hud_radioactive/vertical/34/27.png","height":27,"ascent":-127500,"chars":[""]},{"type":"bitmap","file":"happyhud:font/assets/minez-huds/icon_hud_radioactive/vertical/34/28.png","height":28,"ascent":-128500,"chars":[""]},{"type":"bitmap","file":"happyhud:font/assets/minez-huds/icon_hud_radioactive/vertical/34/29.png","height":29,"ascent":-129500,"chars":[""]},{"type":"bitmap","file":"happyhud:font/assets/minez-huds/icon_hud_radioactive/vertical/34/30.png","height":30,"ascent":-130500,"chars":[""]},{"type":"bitmap","file":"happyhud:font/assets/minez-huds/icon_hud_radioactive/vertical/34/31.png","height":31,"ascent":-131500,"chars":[""]},{"type":"bitmap","file":"happyhud:font/assets/minez-huds/icon_hud_radioactive/vertical/34/32.png","height":32,"ascent":-132500,"chars":[""]},{"type":"bitmap","file":"happyhud:font/assets/minez-huds/icon_hud_radioactive/vertical/34/33.png","height":33,"ascent":-133500,"chars":[""]},{"type":"bitmap","file":"happyhud:font/assets/minez-huds/icon_hud_radioactive/vertical/34/34.png","height":34,"ascent":-134500,"chars":[""]},{"type":"bitmap","file":"happyhud:font/assets/minez-huds/icon_hud_water.png","height":24,"ascent":-135500,"chars":[""]},{"type":"bitmap","file":"happyhud:font/assets/minez-huds/icon_hud_water/vertical/20/1.png","height":1,"ascent":-136500,"chars":[""]},{"type":"bitmap","file":"happyhud:font/assets/minez-huds/icon_hud_water/vertical/20/2.png","height":2,"ascent":-137500,"chars":[""]},{"type":"bitmap","file":"happyhud:font/assets/minez-huds/icon_hud_water/vertical/20/3.png","height":3,"ascent":-138500,"chars":[""]},{"type":"bitmap","file":"happyhud:font/assets/minez-huds/icon_hud_water/vertical/20/4.png","height":4,"ascent":-139500,"chars":[""]},{"type":"bitmap","file":"happyhud:font/assets/minez-huds/icon_hud_water/vertical/20/5.png","height":6,"ascent":-140500,"chars":[""]},{"type":"bitmap","file":"happyhud:font/assets/minez-huds/icon_hud_water/vertical/20/6.png","height":7,"ascent":-141500,"chars":[""]},{"type":"bitmap","file":"happyhud:font/assets/minez-huds/icon_hud_water/vertical/20/7.png","height":8,"ascent":-142500,"chars":[""]},{"type":"bitmap","file":"happyhud:font/assets/minez-huds/icon_hud_water/vertical/20/8.png","height":9,"ascent":-143500,"chars":[""]},{"type":"bitmap","file":"happyhud:font/assets/minez-huds/icon_hud_water/vertical/20/9.png","height":10,"ascent":-144500,"chars":[""]},{"type":"bitmap","file":"happyhud:font/assets/minez-huds/icon_hud_water/vertical/20/10.png","height":12,"ascent":-145500,"chars":[""]},{"type":"bitmap","file":"happyhud:font/assets/minez-huds/icon_hud_water/vertical/20/11.png","height":13,"ascent":-146500,"chars":[""]},{"type":"bitmap","file":"happyhud:font/assets/minez-huds/icon_hud_water/vertical/20/12.png","height":14,"ascent":-147500,"chars":[""]},{"type":"bitmap","file":"happyhud:font/assets/minez-huds/icon_hud_water/vertical/20/13.png","height":15,"ascent":-148500,"chars":[""]},{"type":"bitmap","file":"happyhud:font/assets/minez-huds/icon_hud_water/vertical/20/14.png","height":16,"ascent":-149500,"chars":[""]},{"type":"bitmap","file":"happyhud:font/assets/minez-huds/icon_hud_water/vertical/20/15.png","height":18,"ascent":-150500,"chars":[""]},{"type":"bitmap","file":"happyhud:font/assets/minez-huds/icon_hud_water/vertical/20/16.png","height":19,"ascent":-151500,"chars":[""]},{"type":"bitmap","file":"happyhud:font/assets/minez-huds/icon_hud_water/vertical/20/17.png","height":20,"ascent":-152500,"chars":[""]},{"type":"bitmap","file":"happyhud:font/assets/minez-huds/icon_hud_water/vertical/20/18.png","height":21,"ascent":-153500,"chars":[""]},{"type":"bitmap","file":"happyhud:font/assets/minez-huds/icon_hud_water/vertical/20/19.png","height":22,"ascent":-154500,"chars":[""]},{"type":"bitmap","file":"happyhud:font/assets/minez-huds/icon_hud_water/vertical/20/20.png","height":24,"ascent":-155500,"chars":[""]},{"type":"bitmap","file":"happyhud:font/assets/minez-huds/icon_hud_stamina.png","height":24,"ascent":-156500,"chars":[""]},{"type":"bitmap","file":"happyhud:font/assets/minez-huds/icon_hud_stamina/vertical/24/1.png","height":1,"ascent":-157500,"chars":[""]},{"type":"bitmap","file":"happyhud:font/assets/minez-huds/icon_hud_stamina/vertical/24/2.png","height":2,"ascent":-158500,"chars":[""]},{"type":"bitmap","file":"happyhud:font/assets/minez-huds/icon_hud_stamina/vertical/24/3.png","height":3,"ascent":-159500,"chars":[""]},{"type":"bitmap","file":"happyhud:font/assets/minez-huds/icon_hud_stamina/vertical/24/4.png","height":4,"ascent":-160500,"chars":[""]},{"type":"bitmap","file":"happyhud:font/assets/minez-huds/icon_hud_stamina/vertical/24/5.png","height":5,"ascent":-161500,"chars":[""]},{"type":"bitmap","file":"happyhud:font/assets/minez-huds/icon_hud_stamina/vertical/24/6.png","height":6,"ascent":-162500,"chars":[""]},{"type":"bitmap","file":"happyhud:font/assets/minez-huds/icon_hud_stamina/vertical/24/7.png","height":7,"ascent":-163500,"chars":[""]},{"type":"bitmap","file":"happyhud:font/assets/minez-huds/icon_hud_stamina/vertical/24/8.png","height":8,"ascent":-164500,"chars":[""]},{"type":"bitmap","file":"happyhud:font/assets/minez-huds/icon_hud_stamina/vertical/24/9.png","height":9,"ascent":-165500,"chars":[""]},{"type":"bitmap","file":"happyhud:font/assets/minez-huds/icon_hud_stamina/vertical/24/10.png","height":10,"ascent":-166500,"chars":[""]},{"type":"bitmap","file":"happyhud:font/assets/minez-huds/icon_hud_stamina/vertical/24/11.png","height":11,"ascent":-167500,"chars":[""]},{"type":"bitmap","file":"happyhud:font/assets/minez-huds/icon_hud_stamina/vertical/24/12.png","height":12,"ascent":-168500,"chars":[""]},{"type":"bitmap","file":"happyhud:font/assets/minez-huds/icon_hud_stamina/vertical/24/13.png","height":13,"ascent":-169500,"chars":[""]},{"type":"bitmap","file":"happyhud:font/assets/minez-huds/icon_hud_stamina/vertical/24/14.png","height":14,"ascent":-170500,"chars":[""]},{"type":"bitmap","file":"happyhud:font/assets/minez-huds/icon_hud_stamina/vertical/24/15.png","height":15,"ascent":-171500,"chars":[""]},{"type":"bitmap","file":"happyhud:font/assets/minez-huds/icon_hud_stamina/vertical/24/16.png","height":16,"ascent":-172500,"chars":[""]},{"type":"bitmap","file":"happyhud:font/assets/minez-huds/icon_hud_stamina/vertical/24/17.png","height":17,"ascent":-173500,"chars":[""]},{"type":"bitmap","file":"happyhud:font/assets/minez-huds/icon_hud_stamina/vertical/24/18.png","height":18,"ascent":-174500,"chars":[""]},{"type":"bitmap","file":"happyhud:font/assets/minez-huds/icon_hud_stamina/vertical/24/19.png","height":19,"ascent":-175500,"chars":[""]},{"type":"bitmap","file":"happyhud:font/assets/minez-huds/icon_hud_stamina/vertical/24/20.png","height":20,"ascent":-176500,"chars":[""]},{"type":"bitmap","file":"happyhud:font/assets/minez-huds/icon_hud_stamina/vertical/24/21.png","height":21,"ascent":-177500,"chars":[""]},{"type":"bitmap","file":"happyhud:font/assets/minez-huds/icon_hud_stamina/vertical/24/22.png","height":22,"ascent":-178500,"chars":[""]},{"type":"bitmap","file":"happyhud:font/assets/minez-huds/icon_hud_stamina/vertical/24/23.png","height":23,"ascent":-179500,"chars":[""]},{"type":"bitmap","file":"happyhud:font/assets/minez-huds/icon_hud_stamina/vertical/24/24.png","height":24,"ascent":-180500,"chars":[""]},{"type":"bitmap","file":"happyhud:font/assets/minez-huds/icon_hud_food.png","height":24,"ascent":-181500,"chars":[""]},{"type":"bitmap","file":"happyhud:font/assets/minez-huds/icon_hud_food/vertical/24/1.png","height":1,"ascent":-182500,"chars":[""]},{"type":"bitmap","file":"happyhud:font/assets/minez-huds/icon_hud_food/vertical/24/2.png","height":2,"ascent":-183500,"chars":[""]},{"type":"bitmap","file":"happyhud:font/assets/minez-huds/icon_hud_food/vertical/24/3.png","height":3,"ascent":-184500,"chars":[""]},{"type":"bitmap","file":"happyhud:font/assets/minez-huds/icon_hud_food/vertical/24/4.png","height":4,"ascent":-185500,"chars":[""]},{"type":"bitmap","file":"happyhud:font/assets/minez-huds/icon_hud_food/vertical/24/5.png","height":5,"ascent":-186500,"chars":[""]},{"type":"bitmap","file":"happyhud:font/assets/minez-huds/icon_hud_food/vertical/24/6.png","height":6,"ascent":-187500,"chars":[""]},{"type":"bitmap","file":"happyhud:font/assets/minez-huds/icon_hud_food/vertical/24/7.png","height":7,"ascent":-188500,"chars":[""]},{"type":"bitmap","file":"happyhud:font/assets/minez-huds/icon_hud_food/vertical/24/8.png","height":8,"ascent":-189500,"chars":[""]},{"type":"bitmap","file":"happyhud:font/assets/minez-huds/icon_hud_food/vertical/24/9.png","height":9,"ascent":-190500,"chars":[""]},{"type":"bitmap","file":"happyhud:font/assets/minez-huds/icon_hud_food/vertical/24/10.png","height":10,"ascent":-191500,"chars":[""]},{"type":"bitmap","file":"happyhud:font/assets/minez-huds/icon_hud_food/vertical/24/11.png","height":11,"ascent":-192500,"chars":[""]},{"type":"bitmap","file":"happyhud:font/assets/minez-huds/icon_hud_food/vertical/24/12.png","height":12,"ascent":-193500,"chars":[""]},{"type":"bitmap","file":"happyhud:font/assets/minez-huds/icon_hud_food/vertical/24/13.png","height":13,"ascent":-194500,"chars":[""]},{"type":"bitmap","file":"happyhud:font/assets/minez-huds/icon_hud_food/vertical/24/14.png","height":14,"ascent":-195500,"chars":[""]},{"type":"bitmap","file":"happyhud:font/assets/minez-huds/icon_hud_food/vertical/24/15.png","height":15,"ascent":-196500,"chars":[""]},{"type":"bitmap","file":"happyhud:font/assets/minez-huds/icon_hud_food/vertical/24/16.png","height":16,"ascent":-197500,"chars":[""]},{"type":"bitmap","file":"happyhud:font/assets/minez-huds/icon_hud_food/vertical/24/17.png","height":17,"ascent":-198500,"chars":[""]},{"type":"bitmap","file":"happyhud:font/assets/minez-huds/icon_hud_food/vertical/24/18.png","height":18,"ascent":-199500,"chars":[""]},{"type":"bitmap","file":"happyhud:font/assets/minez-huds/icon_hud_food/vertical/24/19.png","height":19,"ascent":-200500,"chars":[""]},{"type":"bitmap","file":"happyhud:font/assets/minez-huds/icon_hud_food/vertical/24/20.png","height":20,"ascent":-201500,"chars":[""]},{"type":"bitmap","file":"happyhud:font/assets/minez-huds/icon_hud_food/vertical/24/21.png","height":21,"ascent":-202500,"chars":[""]},{"type":"bitmap","file":"happyhud:font/assets/minez-huds/icon_hud_food/vertical/24/22.png","height":22,"ascent":-203500,"chars":[""]},{"type":"bitmap","file":"happyhud:font/assets/minez-huds/icon_hud_food/vertical/24/23.png","height":23,"ascent":-204500,"chars":[""]},{"type":"bitmap","file":"happyhud:font/assets/minez-huds/icon_hud_food/vertical/24/24.png","height":24,"ascent":-205500,"chars":[""]},{"type":"bitmap","file":"happyhud:font/assets/minez-huds/icon_hud_boold.png","height":24,"ascent":-206500,"chars":[""]},{"type":"bitmap","file":"happyhud:font/assets/minez-huds/icon_hud_boold/vertical/24/1.png","height":1,"ascent":-207500,"chars":[""]},{"type":"bitmap","file":"happyhud:font/assets/minez-huds/icon_hud_boold/vertical/24/2.png","height":2,"ascent":-208500,"chars":[""]},{"type":"bitmap","file":"happyhud:font/assets/minez-huds/icon_hud_boold/vertical/24/3.png","height":3,"ascent":-209500,"chars":[""]},{"type":"bitmap","file":"happyhud:font/assets/minez-huds/icon_hud_boold/vertical/24/4.png","height":4,"ascent":-210500,"chars":[""]},{"type":"bitmap","file":"happyhud:font/assets/minez-huds/icon_hud_boold/vertical/24/5.png","height":5,"ascent":-211500,"chars":[""]},{"type":"bitmap","file":"happyhud:font/assets/minez-huds/icon_hud_boold/vertical/24/6.png","height":6,"ascent":-212500,"chars":[""]},{"type":"bitmap","file":"happyhud:font/assets/minez-huds/icon_hud_boold/vertical/24/7.png","height":7,"ascent":-213500,"chars":[""]},{"type":"bitmap","file":"happyhud:font/assets/minez-huds/icon_hud_boold/vertical/24/8.png","height":8,"ascent":-214500,"chars":[""]},{"type":"bitmap","file":"happyhud:font/assets/minez-huds/icon_hud_boold/vertical/24/9.png","height":9,"ascent":-215500,"chars":[""]},{"type":"bitmap","file":"happyhud:font/assets/minez-huds/icon_hud_boold/vertical/24/10.png","height":10,"ascent":-216500,"chars":[""]},{"type":"bitmap","file":"happyhud:font/assets/minez-huds/icon_hud_boold/vertical/24/11.png","height":11,"ascent":-217500,"chars":[""]},{"type":"bitmap","file":"happyhud:font/assets/minez-huds/icon_hud_boold/vertical/24/12.png","height":12,"ascent":-218500,"chars":[""]},{"type":"bitmap","file":"happyhud:font/assets/minez-huds/icon_hud_boold/vertical/24/13.png","height":13,"ascent":-219500,"chars":[""]},{"type":"bitmap","file":"happyhud:font/assets/minez-huds/icon_hud_boold/vertical/24/14.png","height":14,"ascent":-220500,"chars":[""]},{"type":"bitmap","file":"happyhud:font/assets/minez-huds/icon_hud_boold/vertical/24/15.png","height":15,"ascent":-221500,"chars":[""]},{"type":"bitmap","file":"happyhud:font/assets/minez-huds/icon_hud_boold/vertical/24/16.png","height":16,"ascent":-222500,"chars":[""]},{"type":"bitmap","file":"happyhud:font/assets/minez-huds/icon_hud_boold/vertical/24/17.png","height":17,"ascent":-223500,"chars":[""]},{"type":"bitmap","file":"happyhud:font/assets/minez-huds/icon_hud_boold/vertical/24/18.png","height":18,"ascent":-224500,"chars":[""]},{"type":"bitmap","file":"happyhud:font/assets/minez-huds/icon_hud_boold/vertical/24/19.png","height":19,"ascent":-225500,"chars":[""]},{"type":"bitmap","file":"happyhud:font/assets/minez-huds/icon_hud_boold/vertical/24/20.png","height":20,"ascent":-226500,"chars":[""]},{"type":"bitmap","file":"happyhud:font/assets/minez-huds/icon_hud_boold/vertical/24/21.png","height":21,"ascent":-227500,"chars":[""]},{"type":"bitmap","file":"happyhud:font/assets/minez-huds/icon_hud_boold/vertical/24/22.png","height":22,"ascent":-228500,"chars":[""]},{"type":"bitmap","file":"happyhud:font/assets/minez-huds/icon_hud_boold/vertical/24/23.png","height":23,"ascent":-229500,"chars":[""]},{"type":"bitmap","file":"happyhud:font/assets/minez-huds/icon_hud_boold/vertical/24/24.png","height":24,"ascent":-230500,"chars":[""]}]}