{"providers":[{"type":"bitmap","file":"happyhud:font/assets/vanilla/exp_bar_short_outline.png","height":5,"ascent":-237500,"chars":[""]},{"type":"bitmap","file":"happyhud:font/assets/vanilla/exp_bar_short_fill/horizontal/13/1.png","height":5,"ascent":-238500,"chars":[""]},{"type":"bitmap","file":"happyhud:font/assets/vanilla/exp_bar_short_fill/horizontal/13/2.png","height":5,"ascent":-238500,"chars":[""]},{"type":"bitmap","file":"happyhud:font/assets/vanilla/exp_bar_short_fill/horizontal/13/3.png","height":5,"ascent":-238500,"chars":[""]},{"type":"bitmap","file":"happyhud:font/assets/vanilla/exp_bar_short_fill/horizontal/13/4.png","height":5,"ascent":-238500,"chars":[""]},{"type":"bitmap","file":"happyhud:font/assets/vanilla/exp_bar_short_fill/horizontal/13/5.png","height":5,"ascent":-238500,"chars":[""]},{"type":"bitmap","file":"happyhud:font/assets/vanilla/exp_bar_short_fill/horizontal/13/6.png","height":5,"ascent":-238500,"chars":[""]},{"type":"bitmap","file":"happyhud:font/assets/vanilla/exp_bar_short_fill/horizontal/13/7.png","height":5,"ascent":-238500,"chars":[""]},{"type":"bitmap","file":"happyhud:font/assets/vanilla/exp_bar_short_fill/horizontal/13/8.png","height":5,"ascent":-238500,"chars":[""]},{"type":"bitmap","file":"happyhud:font/assets/vanilla/exp_bar_short_fill/horizontal/13/9.png","height":5,"ascent":-238500,"chars":[""]},{"type":"bitmap","file":"happyhud:font/assets/vanilla/exp_bar_short_fill/horizontal/13/10.png","height":5,"ascent":-238500,"chars":[""]},{"type":"bitmap","file":"happyhud:font/assets/vanilla/exp_bar_short_fill/horizontal/13/11.png","height":5,"ascent":-238500,"chars":[""]},{"type":"bitmap","file":"happyhud:font/assets/vanilla/exp_bar_short_fill/horizontal/13/12.png","height":5,"ascent":-238500,"chars":[""]},{"type":"bitmap","file":"happyhud:font/assets/vanilla/exp_bar_short_fill/horizontal/13/13.png","height":5,"ascent":-238500,"chars":[""]},{"type":"bitmap","file":"happyhud:font/assets/vanilla/air.png","height":9,"ascent":-239500,"chars":[""]},{"type":"bitmap","file":"happyhud:font/assets/vanilla/exp_bar_short_outline.png","height":5,"ascent":-240500,"chars":[""]},{"type":"bitmap","file":"happyhud:font/assets/vanilla/exp_bar_short_fill/horizontal/13/1.png","height":5,"ascent":-241500,"chars":[""]},{"type":"bitmap","file":"happyhud:font/assets/vanilla/exp_bar_short_fill/horizontal/13/2.png","height":5,"ascent":-241500,"chars":[""]},{"type":"bitmap","file":"happyhud:font/assets/vanilla/exp_bar_short_fill/horizontal/13/3.png","height":5,"ascent":-241500,"chars":[""]},{"type":"bitmap","file":"happyhud:font/assets/vanilla/exp_bar_short_fill/horizontal/13/4.png","height":5,"ascent":-241500,"chars":[""]},{"type":"bitmap","file":"happyhud:font/assets/vanilla/exp_bar_short_fill/horizontal/13/5.png","height":5,"ascent":-241500,"chars":[""]},{"type":"bitmap","file":"happyhud:font/assets/vanilla/exp_bar_short_fill/horizontal/13/6.png","height":5,"ascent":-241500,"chars":[""]},{"type":"bitmap","file":"happyhud:font/assets/vanilla/exp_bar_short_fill/horizontal/13/7.png","height":5,"ascent":-241500,"chars":[""]},{"type":"bitmap","file":"happyhud:font/assets/vanilla/exp_bar_short_fill/horizontal/13/8.png","height":5,"ascent":-241500,"chars":[""]},{"type":"bitmap","file":"happyhud:font/assets/vanilla/exp_bar_short_fill/horizontal/13/9.png","height":5,"ascent":-241500,"chars":[""]},{"type":"bitmap","file":"happyhud:font/assets/vanilla/exp_bar_short_fill/horizontal/13/10.png","height":5,"ascent":-241500,"chars":[""]},{"type":"bitmap","file":"happyhud:font/assets/vanilla/exp_bar_short_fill/horizontal/13/11.png","height":5,"ascent":-241500,"chars":[""]},{"type":"bitmap","file":"happyhud:font/assets/vanilla/exp_bar_short_fill/horizontal/13/12.png","height":5,"ascent":-241500,"chars":[""]},{"type":"bitmap","file":"happyhud:font/assets/vanilla/exp_bar_short_fill/horizontal/13/13.png","height":5,"ascent":-241500,"chars":[""]},{"type":"bitmap","file":"happyhud:font/assets/vanilla/armor.png","height":9,"ascent":-242500,"chars":[""]},{"type":"bitmap","file":"happyhud:font/assets/vanilla/exp_bar_short_outline.png","height":5,"ascent":-243500,"chars":[""]},{"type":"bitmap","file":"happyhud:font/assets/vanilla/exp_bar_short_fill/horizontal/13/1.png","height":5,"ascent":-244500,"chars":[""]},{"type":"bitmap","file":"happyhud:font/assets/vanilla/exp_bar_short_fill/horizontal/13/2.png","height":5,"ascent":-244500,"chars":[""]},{"type":"bitmap","file":"happyhud:font/assets/vanilla/exp_bar_short_fill/horizontal/13/3.png","height":5,"ascent":-244500,"chars":[""]},{"type":"bitmap","file":"happyhud:font/assets/vanilla/exp_bar_short_fill/horizontal/13/4.png","height":5,"ascent":-244500,"chars":[""]},{"type":"bitmap","file":"happyhud:font/assets/vanilla/exp_bar_short_fill/horizontal/13/5.png","height":5,"ascent":-244500,"chars":[""]},{"type":"bitmap","file":"happyhud:font/assets/vanilla/exp_bar_short_fill/horizontal/13/6.png","height":5,"ascent":-244500,"chars":[""]},{"type":"bitmap","file":"happyhud:font/assets/vanilla/exp_bar_short_fill/horizontal/13/7.png","height":5,"ascent":-244500,"chars":[""]},{"type":"bitmap","file":"happyhud:font/assets/vanilla/exp_bar_short_fill/horizontal/13/8.png","height":5,"ascent":-244500,"chars":[""]},{"type":"bitmap","file":"happyhud:font/assets/vanilla/exp_bar_short_fill/horizontal/13/9.png","height":5,"ascent":-244500,"chars":[""]},{"type":"bitmap","file":"happyhud:font/assets/vanilla/exp_bar_short_fill/horizontal/13/10.png","height":5,"ascent":-244500,"chars":[""]},{"type":"bitmap","file":"happyhud:font/assets/vanilla/exp_bar_short_fill/horizontal/13/11.png","height":5,"ascent":-244500,"chars":[""]},{"type":"bitmap","file":"happyhud:font/assets/vanilla/exp_bar_short_fill/horizontal/13/12.png","height":5,"ascent":-244500,"chars":[""]},{"type":"bitmap","file":"happyhud:font/assets/vanilla/exp_bar_short_fill/horizontal/13/13.png","height":5,"ascent":-244500,"chars":[""]},{"type":"bitmap","file":"happyhud:font/assets/vanilla/food.png","height":9,"ascent":-245500,"chars":[""]},{"type":"bitmap","file":"happyhud:font/assets/vanilla/exp_bar_short_outline.png","height":5,"ascent":-246500,"chars":[""]},{"type":"bitmap","file":"happyhud:font/assets/vanilla/exp_bar_short_fill/horizontal/13/1.png","height":5,"ascent":-247500,"chars":[""]},{"type":"bitmap","file":"happyhud:font/assets/vanilla/exp_bar_short_fill/horizontal/13/2.png","height":5,"ascent":-247500,"chars":[""]},{"type":"bitmap","file":"happyhud:font/assets/vanilla/exp_bar_short_fill/horizontal/13/3.png","height":5,"ascent":-247500,"chars":[""]},{"type":"bitmap","file":"happyhud:font/assets/vanilla/exp_bar_short_fill/horizontal/13/4.png","height":5,"ascent":-247500,"chars":[""]},{"type":"bitmap","file":"happyhud:font/assets/vanilla/exp_bar_short_fill/horizontal/13/5.png","height":5,"ascent":-247500,"chars":[""]},{"type":"bitmap","file":"happyhud:font/assets/vanilla/exp_bar_short_fill/horizontal/13/6.png","height":5,"ascent":-247500,"chars":[""]},{"type":"bitmap","file":"happyhud:font/assets/vanilla/exp_bar_short_fill/horizontal/13/7.png","height":5,"ascent":-247500,"chars":[""]},{"type":"bitmap","file":"happyhud:font/assets/vanilla/exp_bar_short_fill/horizontal/13/8.png","height":5,"ascent":-247500,"chars":[""]},{"type":"bitmap","file":"happyhud:font/assets/vanilla/exp_bar_short_fill/horizontal/13/9.png","height":5,"ascent":-247500,"chars":[""]},{"type":"bitmap","file":"happyhud:font/assets/vanilla/exp_bar_short_fill/horizontal/13/10.png","height":5,"ascent":-247500,"chars":[""]},{"type":"bitmap","file":"happyhud:font/assets/vanilla/exp_bar_short_fill/horizontal/13/11.png","height":5,"ascent":-247500,"chars":[""]},{"type":"bitmap","file":"happyhud:font/assets/vanilla/exp_bar_short_fill/horizontal/13/12.png","height":5,"ascent":-247500,"chars":[""]},{"type":"bitmap","file":"happyhud:font/assets/vanilla/exp_bar_short_fill/horizontal/13/13.png","height":5,"ascent":-247500,"chars":[""]},{"type":"bitmap","file":"happyhud:font/assets/vanilla/heart.png","height":9,"ascent":-248500,"chars":[""]}]}